<?xml version="1.0" encoding="utf-8"?>
<ArrayOfClient xmlns:xsi="http://www.w3.org/2001/XMLSchema-instance" xmlns:xsd="http://www.w3.org/2001/XMLSchema">
  <Client>
    <Nume>Carp</Nume>
    <Prenume>Ana</Prenume>
    <Cnp>122</Cnp>
    <Adresa>1</Adresa>
    <AreJob>Da</AreJob>
    <Email>ana</Email>
    <Parola>12</Parola>
    <Varsta>1</Varsta>
    <Venit>11</Venit>
    <CodPostal>1</CodPostal>
  </Client>
  <Client>
    <Nume>Darie</Nume>
    <Prenume>George</Prenume>
    <Cnp>3</Cnp>
    <Adresa>2</Adresa>
    <AreJob>Nu</AreJob>
    <Email>ge</Email>
    <Parola>123</Parola>
    <Varsta>3</Varsta>
    <Venit>3</Venit>
    <CodPostal>3</CodPostal>
  </Client>
  <Client>
    <Nume>Carp</Nume>
    <Prenume>Ana</Prenume>
    <Cnp>122</Cnp>
    <Adresa>1</Adresa>
    <AreJob>Da</AreJob>
    <Email>ana</Email>
    <Parola>12</Parola>
    <Varsta>1</Varsta>
    <Venit>11</Venit>
    <CodPostal>1</CodPostal>
  </Client>
  <Client>
    <Nume>Darie</Nume>
    <Prenume>George</Prenume>
    <Cnp>3</Cnp>
    <Adresa>2</Adresa>
    <AreJob>Nu</AreJob>
    <Email>ge</Email>
    <Parola>123</Parola>
    <Varsta>3</Varsta>
    <Venit>3</Venit>
    <CodPostal>3</CodPostal>
  </Client>
</ArrayOfClient>